[
    {
        "name": "Bitstamp",
        "startDate": "2013-02-22",
        "accounts": [{
            "address": "rvYAfWj5gh67oV6fW32ZzP3Aw4Eubs59B",
            "currencies": ["BTC", "USD", "EUR"],
            "hotwallets": ["rrpNnNLKrartuEqfJGpqyDwPj1AFPg9vn1"]
            }]
    }, {
        "name": "RippleChina",
        "startDate": "2013-05-21",
        "accounts": [{
            "address": "razqQKzJRdB4UxFPWf5NEpEG3WMkmwgcXA",
            "currencies": ["CNY"],
            "hotwallets": ["r45dBj4S3VvMMYXxr9vHX4Z4Ma6ifPMCkK"]
            }]
    }, {
        "name": "rippleCN",
        "startDate": "2013-05-05",
        "accounts": [{
            "address": "rnuF96W4SZoCJmbHYBFoJZpR8eCaxNvekK",
            "currencies": ["BTC", "CNY"],
            "hotwallets": ["rNaptDNfFXo1quhKwMaNPf66iwPqA8YLky", "rno91tGDJeRcnM7EMXj8KG9UTyxRGMMz8s"]
            }]
    }, {
        "name": "Payroutes",
        "startDate": "2013-04-24",
        "accounts": [{
            "address": "rNPRNzBB92BVpAhhZr4iXDTveCgV5Pofm9",
            "currencies": ["BTC", "ILS"],
            "hotwallets": []
            }]
    }, {
        "name": "SnapSwap",
        "startDate": "2013-06-18",
        "accounts": [{
            "address": "rMwjYedjc7qqtKYVLiAccJSmCwih4LnE2q",
            "currencies": ["USD","BTC","EUR","GBP"],
            "hotwallets": ["rUQTpMqAF5jhykj4FExVeXakrZpiKF6cQV", "rhasPLL5GaXzBh5amQkN7Dr1SNF4Whb2ZT"]
            }]
    }, {
        "name": "The Rock Trading",
        "startDate": "2013-05-19",
        "accounts": [{
            "address": "rLEsXccBGNR3UPuPu2hUXPjziKC3qKSBun",
            "currencies": ["BTC", "EUR", "USD"],
            "hotwallets": ["rUeFPRGNjtcbtezyQKKiDcS1eQyYLQ1gcr"]
            }]
    }, {
        "name": "WisePass",
        "startDate": "2013-04-28",
        "accounts": [{
            "address": "rPDXxSZcuVL3ZWoyU82bcde3zwvmShkRyF",
            "currencies": ["BTC", "LTC", "USD"],
            "hotwallets": ["r9xAQUyqs53QH2PLxe7iFbNbpU2RA9QtZx"]
            }]
    }, {
        "name": "RippleUnion",
        "startDate": "2013-03-22",
        "accounts": [{
            "address": "r3ADD8kXSUKHd6zTCKfnKT3zV9EZHjzp1S",
            "currencies": ["CAD"],
            "hotwallets": []
            }]
    },{
        "name": "Justcoin",
        "startDate": "2013-07-29",
        "accounts": [{
            "address": "rJHygWcTLVpSXkowott6kzgZU6viQSVYM1",
            "currencies": ["LTC", "BTC","STR","EUR","NOK"],
            "hotwallets": []
            }]
    }, {
        "name": "DotPayco",
        "startDate": "2013-06-02",
        "accounts": [{
            "address": "rM8199qFwspxiWNZRChZdZbGN5WrCepVP1",
            "currencies": ["CNY"],
            "hotwallets": []
            }]
    }, {
        "name": "Ripple Singapore",
        "startDate": "2014-01-25",
        "accounts": [{
            "address": "r9Dr5xwkeLegBeXq6ujinjSBLQzQ1zQGjH",
            "currencies": ["XAU", "XAG", "USD", "SGD"],
            "hotwallets": []
            }]
    }, {
        "name": "Ripple Trade Japan",
        "startDate": "2014-02-21",
        "accounts": [{
            "address": "rMAz5ZnK73nyNUL4foAvaxdreczCkG3vA6",
            "currencies": ["JPY"],
            "hotwallets": []
            }]
    }, {
        "name": "Bitso",
        "startDate": "2014-05-22",
        "accounts": [{
            "address": "rG6FZ31hDHN1K5Dkbma3PSB5uVCuVVRzfn",
            "currencies": ["MXN","BTC"],
            "hotwallets": ["rHZaDC6tsGN2JWGeXhjKL6664RNCq5hu4B"]
            }]
    }, {
        "name": "Coinex",
        "startDate": "2014-04-01",
        "accounts": [{
            "address": "rsP3mgGb2tcYUrxiLFiHJiQXhsziegtwBc",
            "currencies": ["NZD","BTC","USD","AUD", "STR"],
            "hotwallets": ["rGAmy1w1ENyTJ9BCAEicYyRM2Yk1iWZ7Z5"],
            "domain": "coinexgateway.com"
            }]
    }, {
        "name": "Ripple LatAm",
        "startDate": "2014-05-01",
        "accounts": [{
            "address": "rP5ShE8dGBH6hHtNvRESdMceen36XFBQmh",
            "currencies": ["BRL","UYU","PEN","MXN","BTC","LTC","USD","CLP","ARS"],
            "hotwallets": ["raoFdQah8c8owTj4TPMr8o1WntnXybXCgB"],
            "domain": "ripplelatam.com"
            }]
    }, {
        "name": "GBI",
        "startDate": "2014-07-28",
        "accounts": [{
            "address": "rrh7rf1gV2pXAoqA8oYbpHd8TKv5ZQeo67",
            "currencies": [
              {
                "label" : "XAU",
                "code"  : "0158415500000000C1F76FF6ECB0BAC600000000"
              }
            ]
            }],
        "hotwallets": [
        ],
        "domain": "goldbullioninternational.com"
    }, {
        "name": "Lake BTC",
        "startDate": "2014-05-19",
        "accounts": [{
            "address": "rpDMez6pm6dBve2TJsmDpv7Yae6V5Pyvy2",
            "currencies": ["USD"]
            }],
        "hotwallets": [
          "rP9gFJKqKGWdR4n6XjdsUPqmJfXkg4kSgZ"
        ],
        "domain": "lakebtc.com"
    }, {
        "name": "Ripple Fox",
        "startDate": "2014-04-19",
        "accounts": [{
            "address": "rKiCet8SdvWxPXnAgYarFUXMh1zCPz432Y",
            "currencies": ["CNY","STR"]
            }],
        "hotwallets": [
          "rLSnkKvMfPD9abLoQFxQJMYyZqJcsqkL3o",
          "rPcQaiyDxMwLr7Q9eFmn5VnVx2RN57MUmN",
          "r3ipidkRUZWq8JYVjnSnNMf3v7o69vgLEW"
        ],
        "domain": "ripplefox.com"
    }, {
        "name": "TokyoJPY",
        "startDate": "2014-08-18",
        "accounts": [{
            "address": "r94s8px6kSw1uZ1MV98dhSRTvc6VMPoPcN",
            "currencies": ["JPY"]
            }],
        "hotwallets": [],
        "domain": "tokyojpy.com"
    }, {
        "name": "Rippex",
        "startDate": "2014-09-13",
        "accounts": [{
            "address": "rfNZPxoZ5Uaamdp339U9dCLWz2T73nZJZH",
            "currencies": ["BRL"]
            }],
        "hotwallets": ["r37FUji17jCgCZvAUc8m5YqXquwHpgwa9q"],
        "domain": "rippex.net"
    }, {
        "name": "Ripple Market Japan",
        "startDate": "2014-08-12",
        "accounts": [{
            "address": "rJRi8WW24gt9X85PHAxfWNPCizMMhqUQwg",
            "currencies": ["JPY"]
            }],
        "hotwallets": [],
        "domain": "ripple-market.jp"
    }, {
        "name": "Pax Moneta",
        "startDate": "2014-09-06",
        "accounts": [{
            "address": "rUkMKjQitpgAM5WTGk79xpjT38DEJY283d",
            "currencies": ["KRW"]
            }],
        "hotwallets": ["rhLSigWL4J9JBBW1JFMBvaduDkVghG7cc2"],
        "domain": "paxmoneta.com"
    }, {
        "name": "Ripple Exchange Tokyo",
        "startDate": "2014-09-25",
        "accounts": [{
            "address": "r9ZFPSb1TFdnJwbTMYHvVwFK1bQPUCVNfJ",
            "currencies": ["JPY"]
            }],
        "hotwallets": [],
        "domain": "ripple-exchange.tokyo"
    }, {
        "name": "Ripula",
        "startDate": "2014-10-16",
        "accounts": [{
            "address": "rBycsjqxD8RVZP5zrrndiVtJwht7Z457A8",
            "currencies": ["GBP"]
            }],
        "hotwallets": ["rUR5QVHqFxRa8TSQawc1M6jKj7BvKzbHek"],
        "domain": "ripula.co.uk"
    },
    {
        "name": "Mr. Ripple",
        "startDate":"2014-10-5",
        "accounts": [{
            "address": "rB3gZey7VWHYRqJHLoHDEJXJ2pEPNieKiS",
            "currencies": ["JPY"]
            }],
        "hotwallets": [],
        "domain": "mr-ripple.com"
    },
    {
        "name": "Gatehub",
        "startDate":"2015-2-15",
        "accounts": [{
            "address": "rhub8VRN55s94qWKDv6jmDy1pUykJzF3wq",
            "currencies": ["EUR","USD"]
            }],
        "hotwallets": ["rhotcWYdfn6qxhVMbPKGDF3XCKqwXar5J4"],
        "domain": "gatehub.net"
    }
]
